{
    "status": "ok",
    "count": 9,
    "count_total": 9,
    "pages": 1,
    "posts": [{
        "id": 216,
        "type": "post",
        "slug": "french-club-eats-fries",
        "url": "http:\/\/imd495.alexsablan.info\/french-club-eats-fries\/",
        "status": "publish",
        "title": "French Club Eats Fries",
        "title_plain": "French Club Eats Fries",
        "content": "<h2>Pomme de Terre<\/h2>\n<p>Lorem ipsum dolor sit amet, consectetur adipiscing elit. Donec velit mauris, sodales vitae tellus sed, accumsan dapibus leo. In non augue leo. Aliquam non arcu non augue elementum pharetra. Nam urna enim, commodo ac congue in, faucibus quis nulla. Nam mi tortor, consequat non lacus eget, elementum dictum ante. Integer in condimentum magna. In tincidunt hendrerit ante in lobortis. Nullam vitae urna ac orci tincidunt suscipit. Pellentesque habitant morbi tristique senectus et netus et malesuada fames ac turpis egestas. Aenean vehicula, metus non interdum varius, nisl tellus tristique nunc, eget tempus lectus ipsum rutrum odio. Maecenas blandit interdum lacinia.<\/p>\n<p>Pellentesque non ante sit amet lectus auctor accumsan. Ut ac sodales est. Maecenas quis leo ac lacus porttitor auctor. Nam sed pretium elit. Cras pellentesque et nisi a faucibus. Phasellus consequat mauris nec magna blandit consequat. In hac habitasse platea dictumst. Aliquam aliquam, metus nec laoreet pellentesque, ligula massa aliquam magna, id sagittis nibh magna id quam. Maecenas congue purus id ullamcorper pulvinar. Sed euismod faucibus blandit. Integer in consequat eros, eu consequat erat. Suspendisse a odio augue. Nulla vel nibh nec elit porttitor facilisis fringilla non dolor.<\/p>\n<p>Fusce pharetra nisi neque, eu tempus arcu sagittis a. Vestibulum porttitor, libero non suscipit egestas, ligula mi facilisis tellus, vitae imperdiet orci sapien ut sapien. Integer eleifend aliquam sapien, eget tincidunt metus hendrerit at. Duis sit amet mauris viverra, laoreet sapien quis, blandit nisi. Praesent nec egestas massa. Donec scelerisque at libero ut fringilla. Vestibulum sit amet pulvinar libero.<\/p>\n<p>Nullam at interdum augue. Curabitur elementum ultricies tortor, id hendrerit ligula facilisis a. Quisque venenatis pellentesque lectus sollicitudin interdum. Maecenas a euismod enim. Donec euismod tempus justo, et eleifend est ultrices id. Sed quis nisl at enim fringilla eleifend eget porttitor nisi. Maecenas volutpat sapien eget elementum gravida. Aliquam ultrices gravida odio vel auctor.<\/p>\n<p>In purus ligula, euismod eu lorem nec, pharetra faucibus velit. Fusce congue porttitor risus, sed pretium felis tempus vel. Aliquam faucibus massa at ultrices laoreet. Aliquam lacinia viverra magna ut posuere. Sed id elit sit amet ligula tincidunt rutrum. Suspendisse ut malesuada risus, sed consequat ligula. Nunc faucibus nisi at nibh vulputate euismod eu non ipsum. Quisque aliquam dui ac risus aliquet, rhoncus gravida metus ullamcorper. Vestibulum malesuada orci vel venenatis hendrerit. Cras laoreet tristique feugiat. Aenean accumsan mauris a leo tempus, nec aliquam purus ornare. Aenean quis accumsan ligula. Quisque ornare volutpat erat, nec lacinia lectus vestibulum quis. Aenean sagittis lobortis urna, a semper est ultrices sed.<\/p>\n",
        "excerpt": "<p>Pomme de Terre Lorem ipsum dolor sit amet, consectetur adipiscing elit. Donec velit mauris, sodales vitae tellus sed, accumsan dapibus leo. In non augue leo. Aliquam non arcu non augue&#8230;<\/p>\n",
        "date": "2013-11-15 13:56:59",
        "modified": "2013-11-15 13:56:59",
        "categories": [{
            "id": 24,
            "slug": "frenchclub",
            "title": "French Club",
            "description": "",
            "parent": 23,
            "post_count": 1
        }],
        "tags": [],
        "author": {
            "id": 1,
            "slug": "alex",
            "name": "Alex",
            "first_name": "",
            "last_name": "",
            "nickname": "Alex",
            "url": "",
            "description": ""
        },
        "comments": [],
        "attachments": [{
            "id": 217,
            "url": "http:\/\/imd495.alexsablan.info\/wp-content\/uploads\/2013\/11\/17.jpg",
            "slug": "17",
            "title": "17",
            "description": "",
            "caption": "",
            "parent": 216,
            "mime_type": "image\/jpeg",
            "images": {
                "full": {
                    "url": "http:\/\/imd495.alexsablan.info\/wp-content\/uploads\/2013\/11\/17.jpg",
                    "width": 960,
                    "height": 638
                },
                "thumbnail": {
                    "url": "http:\/\/imd495.alexsablan.info\/wp-content\/uploads\/2013\/11\/17-150x150.jpg",
                    "width": 150,
                    "height": 150
                },
                "medium": {
                    "url": "http:\/\/imd495.alexsablan.info\/wp-content\/uploads\/2013\/11\/17-300x199.jpg",
                    "width": 300,
                    "height": 199
                },
                "large": {
                    "url": "http:\/\/imd495.alexsablan.info\/wp-content\/uploads\/2013\/11\/17-902x600.jpg",
                    "width": 902,
                    "height": 600
                },
                "small-thumb": {
                    "url": "http:\/\/imd495.alexsablan.info\/wp-content\/uploads\/2013\/11\/17-70x40.jpg",
                    "width": 70,
                    "height": 40
                },
                "feat-thumb": {
                    "url": "http:\/\/imd495.alexsablan.info\/wp-content\/uploads\/2013\/11\/17-300x170.jpg",
                    "width": 300,
                    "height": 170
                },
                "carousel-thumb": {
                    "url": "http:\/\/imd495.alexsablan.info\/wp-content\/uploads\/2013\/11\/17-190x130.jpg",
                    "width": 190,
                    "height": 130
                },
                "slider-image": {
                    "url": "http:\/\/imd495.alexsablan.info\/wp-content\/uploads\/2013\/11\/17-630x300.jpg",
                    "width": 630,
                    "height": 300
                }
            }
        }],
        "comment_count": 0,
        "comment_status": "open",
        "thumbnail": "http:\/\/imd495.alexsablan.info\/wp-content\/uploads\/2013\/11\/17-150x150.jpg",
        "custom_fields": {},
        "thumbnail_size": "thumbnail",
        "thumbnail_images": {
            "full": {
                "url": "http:\/\/imd495.alexsablan.info\/wp-content\/uploads\/2013\/11\/17.jpg",
                "width": 960,
                "height": 638
            },
            "thumbnail": {
                "url": "http:\/\/imd495.alexsablan.info\/wp-content\/uploads\/2013\/11\/17-150x150.jpg",
                "width": 150,
                "height": 150
            },
            "medium": {
                "url": "http:\/\/imd495.alexsablan.info\/wp-content\/uploads\/2013\/11\/17-300x199.jpg",
                "width": 300,
                "height": 199
            },
            "large": {
                "url": "http:\/\/imd495.alexsablan.info\/wp-content\/uploads\/2013\/11\/17-902x600.jpg",
                "width": 902,
                "height": 600
            },
            "small-thumb": {
                "url": "http:\/\/imd495.alexsablan.info\/wp-content\/uploads\/2013\/11\/17-70x40.jpg",
                "width": 70,
                "height": 40
            },
            "feat-thumb": {
                "url": "http:\/\/imd495.alexsablan.info\/wp-content\/uploads\/2013\/11\/17-300x170.jpg",
                "width": 300,
                "height": 170
            },
            "carousel-thumb": {
                "url": "http:\/\/imd495.alexsablan.info\/wp-content\/uploads\/2013\/11\/17-190x130.jpg",
                "width": 190,
                "height": 130
            },
            "slider-image": {
                "url": "http:\/\/imd495.alexsablan.info\/wp-content\/uploads\/2013\/11\/17-630x300.jpg",
                "width": 630,
                "height": 300
            }
        }
    }, {
        "id": 212,
        "type": "post",
        "slug": "4h-club-helps-raise-money-5th-h",
        "url": "http:\/\/imd495.alexsablan.info\/4h-club-helps-raise-money-5th-h\/",
        "status": "publish",
        "title": "4H Club Helps Raise Money for the 5th H",
        "title_plain": "4H Club Helps Raise Money for the 5th H",
        "content": "<h2>What are the 4H&#8217;s?<\/h2>\n<p>Lorem ipsum dolor sit amet, consectetur adipiscing elit. Donec velit mauris, sodales vitae tellus sed, accumsan dapibus leo. In non augue leo. Aliquam non arcu non augue elementum pharetra. Nam urna enim, commodo ac congue in, faucibus quis nulla. Nam mi tortor, consequat non lacus eget, elementum dictum ante. Integer in condimentum magna. In tincidunt hendrerit ante in lobortis. Nullam vitae urna ac orci tincidunt suscipit. Pellentesque habitant morbi tristique senectus et netus et malesuada fames ac turpis egestas. Aenean vehicula, metus non interdum varius, nisl tellus tristique nunc, eget tempus lectus ipsum rutrum odio. Maecenas blandit interdum lacinia.<\/p>\n<p>Pellentesque non ante sit amet lectus auctor accumsan. Ut ac sodales est. Maecenas quis leo ac lacus porttitor auctor. Nam sed pretium elit. Cras pellentesque et nisi a faucibus. Phasellus consequat mauris nec magna blandit consequat. In hac habitasse platea dictumst. Aliquam aliquam, metus nec laoreet pellentesque, ligula massa aliquam magna, id sagittis nibh magna id quam. Maecenas congue purus id ullamcorper pulvinar. Sed euismod faucibus blandit. Integer in consequat eros, eu consequat erat. Suspendisse a odio augue. Nulla vel nibh nec elit porttitor facilisis fringilla non dolor.<\/p>\n<p>Fusce pharetra nisi neque, eu tempus arcu sagittis a. Vestibulum porttitor, libero non suscipit egestas, ligula mi facilisis tellus, vitae imperdiet orci sapien ut sapien. Integer eleifend aliquam sapien, eget tincidunt metus hendrerit at. Duis sit amet mauris viverra, laoreet sapien quis, blandit nisi. Praesent nec egestas massa. Donec scelerisque at libero ut fringilla. Vestibulum sit amet pulvinar libero.<\/p>\n<p>Nullam at interdum augue. Curabitur elementum ultricies tortor, id hendrerit ligula facilisis a. Quisque venenatis pellentesque lectus sollicitudin interdum. Maecenas a euismod enim. Donec euismod tempus justo, et eleifend est ultrices id. Sed quis nisl at enim fringilla eleifend eget porttitor nisi. Maecenas volutpat sapien eget elementum gravida. Aliquam ultrices gravida odio vel auctor.<\/p>\n<p>In purus ligula, euismod eu lorem nec, pharetra faucibus velit. Fusce congue porttitor risus, sed pretium felis tempus vel. Aliquam faucibus massa at ultrices laoreet. Aliquam lacinia viverra magna ut posuere. Sed id elit sit amet ligula tincidunt rutrum. Suspendisse ut malesuada risus, sed consequat ligula. Nunc faucibus nisi at nibh vulputate euismod eu non ipsum. Quisque aliquam dui ac risus aliquet, rhoncus gravida metus ullamcorper. Vestibulum malesuada orci vel venenatis hendrerit. Cras laoreet tristique feugiat. Aenean accumsan mauris a leo tempus, nec aliquam purus ornare. Aenean quis accumsan ligula. Quisque ornare volutpat erat, nec lacinia lectus vestibulum quis. Aenean sagittis lobortis urna, a semper est ultrices sed.<\/p>\n",
        "excerpt": "<p>What are the 4H&#8217;s? Lorem ipsum dolor sit amet, consectetur adipiscing elit. Donec velit mauris, sodales vitae tellus sed, accumsan dapibus leo. In non augue leo. Aliquam non arcu non&#8230;<\/p>\n",
        "date": "2013-11-15 13:47:43",
        "modified": "2013-11-15 13:47:43",
        "categories": [{
            "id": 25,
            "slug": "4hclub",
            "title": "4H Club",
            "description": "",
            "parent": 23,
            "post_count": 1
        }],
        "tags": [],
        "author": {
            "id": 1,
            "slug": "alex",
            "name": "Alex",
            "first_name": "",
            "last_name": "",
            "nickname": "Alex",
            "url": "",
            "description": ""
        },
        "comments": [],
        "attachments": [{
            "id": 213,
            "url": "http:\/\/imd495.alexsablan.info\/wp-content\/uploads\/2013\/11\/2.jpg",
            "slug": "2",
            "title": "2",
            "description": "",
            "caption": "",
            "parent": 212,
            "mime_type": "image\/jpeg",
            "images": {
                "full": {
                    "url": "http:\/\/imd495.alexsablan.info\/wp-content\/uploads\/2013\/11\/2.jpg",
                    "width": 960,
                    "height": 638
                },
                "thumbnail": {
                    "url": "http:\/\/imd495.alexsablan.info\/wp-content\/uploads\/2013\/11\/2-150x150.jpg",
                    "width": 150,
                    "height": 150
                },
                "medium": {
                    "url": "http:\/\/imd495.alexsablan.info\/wp-content\/uploads\/2013\/11\/2-300x199.jpg",
                    "width": 300,
                    "height": 199
                },
                "large": {
                    "url": "http:\/\/imd495.alexsablan.info\/wp-content\/uploads\/2013\/11\/2-902x600.jpg",
                    "width": 902,
                    "height": 600
                },
                "small-thumb": {
                    "url": "http:\/\/imd495.alexsablan.info\/wp-content\/uploads\/2013\/11\/2-70x40.jpg",
                    "width": 70,
                    "height": 40
                },
                "feat-thumb": {
                    "url": "http:\/\/imd495.alexsablan.info\/wp-content\/uploads\/2013\/11\/2-300x170.jpg",
                    "width": 300,
                    "height": 170
                },
                "carousel-thumb": {
                    "url": "http:\/\/imd495.alexsablan.info\/wp-content\/uploads\/2013\/11\/2-190x130.jpg",
                    "width": 190,
                    "height": 130
                },
                "slider-image": {
                    "url": "http:\/\/imd495.alexsablan.info\/wp-content\/uploads\/2013\/11\/2-630x300.jpg",
                    "width": 630,
                    "height": 300
                }
            }
        }],
        "comment_count": 0,
        "comment_status": "open",
        "thumbnail": "http:\/\/imd495.alexsablan.info\/wp-content\/uploads\/2013\/11\/2-150x150.jpg",
        "custom_fields": {},
        "thumbnail_size": "thumbnail",
        "thumbnail_images": {
            "full": {
                "url": "http:\/\/imd495.alexsablan.info\/wp-content\/uploads\/2013\/11\/2.jpg",
                "width": 960,
                "height": 638
            },
            "thumbnail": {
                "url": "http:\/\/imd495.alexsablan.info\/wp-content\/uploads\/2013\/11\/2-150x150.jpg",
                "width": 150,
                "height": 150
            },
            "medium": {
                "url": "http:\/\/imd495.alexsablan.info\/wp-content\/uploads\/2013\/11\/2-300x199.jpg",
                "width": 300,
                "height": 199
            },
            "large": {
                "url": "http:\/\/imd495.alexsablan.info\/wp-content\/uploads\/2013\/11\/2-902x600.jpg",
                "width": 902,
                "height": 600
            },
            "small-thumb": {
                "url": "http:\/\/imd495.alexsablan.info\/wp-content\/uploads\/2013\/11\/2-70x40.jpg",
                "width": 70,
                "height": 40
            },
            "feat-thumb": {
                "url": "http:\/\/imd495.alexsablan.info\/wp-content\/uploads\/2013\/11\/2-300x170.jpg",
                "width": 300,
                "height": 170
            },
            "carousel-thumb": {
                "url": "http:\/\/imd495.alexsablan.info\/wp-content\/uploads\/2013\/11\/2-190x130.jpg",
                "width": 190,
                "height": 130
            },
            "slider-image": {
                "url": "http:\/\/imd495.alexsablan.info\/wp-content\/uploads\/2013\/11\/2-630x300.jpg",
                "width": 630,
                "height": 300
            }
        }
    }, {
        "id": 208,
        "type": "post",
        "slug": "chess-club-wins",
        "url": "http:\/\/imd495.alexsablan.info\/chess-club-wins\/",
        "status": "publish",
        "title": "Chess Club Wins",
        "title_plain": "Chess Club Wins",
        "content": "<h2>Chess Club Wins<\/h2>\n<p>Lorem ipsum dolor sit amet, consectetur adipiscing elit. Donec velit mauris, sodales vitae tellus sed, accumsan dapibus leo. In non augue leo. Aliquam non arcu non augue elementum pharetra. Nam urna enim, commodo ac congue in, faucibus quis nulla. Nam mi tortor, consequat non lacus eget, elementum dictum ante. Integer in condimentum magna. In tincidunt hendrerit ante in lobortis. Nullam vitae urna ac orci tincidunt suscipit. Pellentesque habitant morbi tristique senectus et netus et malesuada fames ac turpis egestas. Aenean vehicula, metus non interdum varius, nisl tellus tristique nunc, eget tempus lectus ipsum rutrum odio. Maecenas blandit interdum lacinia.<\/p>\n<p>Pellentesque non ante sit amet lectus auctor accumsan. Ut ac sodales est. Maecenas quis leo ac lacus porttitor auctor. Nam sed pretium elit. Cras pellentesque et nisi a faucibus. Phasellus consequat mauris nec magna blandit consequat. In hac habitasse platea dictumst. Aliquam aliquam, metus nec laoreet pellentesque, ligula massa aliquam magna, id sagittis nibh magna id quam. Maecenas congue purus id ullamcorper pulvinar. Sed euismod faucibus blandit. Integer in consequat eros, eu consequat erat. Suspendisse a odio augue. Nulla vel nibh nec elit porttitor facilisis fringilla non dolor.<\/p>\n<p>Fusce pharetra nisi neque, eu tempus arcu sagittis a. Vestibulum porttitor, libero non suscipit egestas, ligula mi facilisis tellus, vitae imperdiet orci sapien ut sapien. Integer eleifend aliquam sapien, eget tincidunt metus hendrerit at. Duis sit amet mauris viverra, laoreet sapien quis, blandit nisi. Praesent nec egestas massa. Donec scelerisque at libero ut fringilla. Vestibulum sit amet pulvinar libero.<\/p>\n<p>Nullam at interdum augue. Curabitur elementum ultricies tortor, id hendrerit ligula facilisis a. Quisque venenatis pellentesque lectus sollicitudin interdum. Maecenas a euismod enim. Donec euismod tempus justo, et eleifend est ultrices id. Sed quis nisl at enim fringilla eleifend eget porttitor nisi. Maecenas volutpat sapien eget elementum gravida. Aliquam ultrices gravida odio vel auctor.<\/p>\n<h3>How They Did It<\/h3>\n<p>In purus ligula, euismod eu lorem nec, pharetra faucibus velit. Fusce congue porttitor risus, sed pretium felis tempus vel. Aliquam faucibus massa at ultrices laoreet. Aliquam lacinia viverra magna ut posuere. Sed id elit sit amet ligula tincidunt rutrum. Suspendisse ut malesuada risus, sed consequat ligula. Nunc faucibus nisi at nibh vulputate euismod eu non ipsum. Quisque aliquam dui ac risus aliquet, rhoncus gravida metus ullamcorper. Vestibulum malesuada orci vel venenatis hendrerit. Cras laoreet tristique feugiat. Aenean accumsan mauris a leo tempus, nec aliquam purus ornare. Aenean quis accumsan ligula. Quisque ornare volutpat erat, nec lacinia lectus vestibulum quis. Aenean sagittis lobortis urna, a semper est ultrices sed.<\/p>\n",
        "excerpt": "<p>Lorem ipsum dolor sit amet, consectetur adipiscing elit. Donec velit mauris, <\/p>\n",
        "date": "2013-11-15 13:41:36",
        "modified": "2013-11-15 13:44:30",
        "categories": [{
            "id": 26,
            "slug": "chessclub",
            "title": "Chess Club",
            "description": "",
            "parent": 23,
            "post_count": 1
        }],
        "tags": [],
        "author": {
            "id": 1,
            "slug": "alex",
            "name": "Alex",
            "first_name": "",
            "last_name": "",
            "nickname": "Alex",
            "url": "",
            "description": ""
        },
        "comments": [],
        "attachments": [{
            "id": 209,
            "url": "http:\/\/imd495.alexsablan.info\/wp-content\/uploads\/2013\/11\/10.jpg",
            "slug": "10",
            "title": "10",
            "description": "",
            "caption": "",
            "parent": 208,
            "mime_type": "image\/jpeg",
            "images": {
                "full": {
                    "url": "http:\/\/imd495.alexsablan.info\/wp-content\/uploads\/2013\/11\/10.jpg",
                    "width": 960,
                    "height": 638
                },
                "thumbnail": {
                    "url": "http:\/\/imd495.alexsablan.info\/wp-content\/uploads\/2013\/11\/10-150x150.jpg",
                    "width": 150,
                    "height": 150
                },
                "medium": {
                    "url": "http:\/\/imd495.alexsablan.info\/wp-content\/uploads\/2013\/11\/10-300x199.jpg",
                    "width": 300,
                    "height": 199
                },
                "large": {
                    "url": "http:\/\/imd495.alexsablan.info\/wp-content\/uploads\/2013\/11\/10-902x600.jpg",
                    "width": 902,
                    "height": 600
                },
                "small-thumb": {
                    "url": "http:\/\/imd495.alexsablan.info\/wp-content\/uploads\/2013\/11\/10-70x40.jpg",
                    "width": 70,
                    "height": 40
                },
                "feat-thumb": {
                    "url": "http:\/\/imd495.alexsablan.info\/wp-content\/uploads\/2013\/11\/10-300x170.jpg",
                    "width": 300,
                    "height": 170
                },
                "carousel-thumb": {
                    "url": "http:\/\/imd495.alexsablan.info\/wp-content\/uploads\/2013\/11\/10-190x130.jpg",
                    "width": 190,
                    "height": 130
                },
                "slider-image": {
                    "url": "http:\/\/imd495.alexsablan.info\/wp-content\/uploads\/2013\/11\/10-630x300.jpg",
                    "width": 630,
                    "height": 300
                }
            }
        }],
        "comment_count": 0,
        "comment_status": "open",
        "thumbnail": "http:\/\/imd495.alexsablan.info\/wp-content\/uploads\/2013\/11\/10-150x150.jpg",
        "custom_fields": {},
        "thumbnail_size": "thumbnail",
        "thumbnail_images": {
            "full": {
                "url": "http:\/\/imd495.alexsablan.info\/wp-content\/uploads\/2013\/11\/10.jpg",
                "width": 960,
                "height": 638
            },
            "thumbnail": {
                "url": "http:\/\/imd495.alexsablan.info\/wp-content\/uploads\/2013\/11\/10-150x150.jpg",
                "width": 150,
                "height": 150
            },
            "medium": {
                "url": "http:\/\/imd495.alexsablan.info\/wp-content\/uploads\/2013\/11\/10-300x199.jpg",
                "width": 300,
                "height": 199
            },
            "large": {
                "url": "http:\/\/imd495.alexsablan.info\/wp-content\/uploads\/2013\/11\/10-902x600.jpg",
                "width": 902,
                "height": 600
            },
            "small-thumb": {
                "url": "http:\/\/imd495.alexsablan.info\/wp-content\/uploads\/2013\/11\/10-70x40.jpg",
                "width": 70,
                "height": 40
            },
            "feat-thumb": {
                "url": "http:\/\/imd495.alexsablan.info\/wp-content\/uploads\/2013\/11\/10-300x170.jpg",
                "width": 300,
                "height": 170
            },
            "carousel-thumb": {
                "url": "http:\/\/imd495.alexsablan.info\/wp-content\/uploads\/2013\/11\/10-190x130.jpg",
                "width": 190,
                "height": 130
            },
            "slider-image": {
                "url": "http:\/\/imd495.alexsablan.info\/wp-content\/uploads\/2013\/11\/10-630x300.jpg",
                "width": 630,
                "height": 300
            }
        }
    }, {
        "id": 64,
        "type": "post",
        "slug": "panthers-win-again",
        "url": "http:\/\/imd495.alexsablan.info\/panthers-win-again\/",
        "status": "publish",
        "title": "Panthers Win Again",
        "title_plain": "Panthers Win Again",
        "content": "<p><a href=\"http:\/\/imd495.alexsablan.info\/wp-content\/uploads\/2013\/03\/sports1.jpg\"><img class=\"alignnone size-full wp-image-46\" alt=\"sports1\" src=\"http:\/\/imd495.alexsablan.info\/wp-content\/uploads\/2013\/03\/sports1.jpg\" width=\"960\" height=\"638\" \/><\/a><\/p>\n<p>Lorem ipsum dolor sit amet, consectetur adipiscing elit. Donec convallis feugiat venenatis. Etiam pharetra nulla vitae neque lacinia at tempor diam semper. Quisque sed neque quis velit pharetra tristique a id libero. Integer ultrices egestas laoreet. Vestibulum sem risus, mattis eu pharetra sed, tristique non mauris. Nullam ac tortor vel neque dapibus condimentum. Maecenas turpis risus, iaculis ut elementum congue, sagittis ac sapien. Vivamus bibendum tincidunt blandit. Pellentesque habitant morbi tristique senectus et netus et malesuada fames ac turpis egestas. Nam imperdiet mauris eget diam lobortis egestas id a erat. Etiam tincidunt interdum tempor. In hac habitasse platea dictumst. Vivamus sed erat tortor.<\/p>\n<p>Vestibulum aliquam est a augue tincidunt vulputate. Integer sit amet suscipit dui. Ut pretium auctor neque at volutpat. Integer et lacinia nisi. Proin sodales elementum hendrerit. Aliquam erat volutpat. Aliquam vehicula, tellus eget facilisis pulvinar, dui risus ultrices neque, nec euismod quam lorem eget diam. Praesent dignissim scelerisque tempor. Suspendisse libero urna, consectetur tincidunt aliquam nec, vulputate eget enim. Nam tincidunt ullamcorper consectetur.<\/p>\n",
        "excerpt": "<p>Lorem ipsum dolor sit amet, consectetur adipiscing elit. Donec convallis feugiat venenatis. Etiam pharetra nulla vitae neque lacinia at tempor diam semper. Quisque sed neque quis velit pharetra tristique a&#8230;<\/p>\n",
        "date": "2013-03-26 03:34:31",
        "modified": "2013-03-26 03:34:31",
        "categories": [{
            "id": 6,
            "slug": "activities",
            "title": "Activities",
            "description": "",
            "parent": 1,
            "post_count": 1
        }],
        "tags": [],
        "author": {
            "id": 3,
            "slug": "admin5",
            "name": "admin5",
            "first_name": "",
            "last_name": "",
            "nickname": "admin5",
            "url": "",
            "description": ""
        },
        "comments": [],
        "attachments": [{
            "id": 46,
            "url": "http:\/\/imd495.alexsablan.info\/wp-content\/uploads\/2013\/03\/sports1.jpg",
            "slug": "sports1",
            "title": "sports1",
            "description": "",
            "caption": "",
            "parent": 64,
            "mime_type": "image\/jpeg",
            "images": {
                "full": {
                    "url": "http:\/\/imd495.alexsablan.info\/wp-content\/uploads\/2013\/03\/sports1.jpg",
                    "width": 960,
                    "height": 638
                },
                "thumbnail": {
                    "url": "http:\/\/imd495.alexsablan.info\/wp-content\/uploads\/2013\/03\/sports1-150x150.jpg",
                    "width": 150,
                    "height": 150
                },
                "medium": {
                    "url": "http:\/\/imd495.alexsablan.info\/wp-content\/uploads\/2013\/03\/sports1-300x199.jpg",
                    "width": 300,
                    "height": 199
                }
            }
        }],
        "comment_count": 0,
        "comment_status": "closed",
        "thumbnail": "http:\/\/imd495.alexsablan.info\/wp-content\/uploads\/2013\/03\/sports1-150x150.jpg",
        "custom_fields": {
            "snapTW": ["s:225:\"a:1:{i:0;a:7:{s:4:\"doTW\";s:1:\"1\";s:10:\"SNAPformat\";s:15:\"%TITLE% - %URL%\";s:8:\"attchImg\";s:1:\"1\";s:11:\"isPrePosted\";s:1:\"1\";s:8:\"isPosted\";s:1:\"1\";s:4:\"pgID\";s:18:\"319370065256525824\";s:5:\"pDate\";s:19:\"2013-04-03 04:45:31\";}}\";"],
            "snapEdIT": ["1"],
            "snapFB": ["s:300:\"a:1:{i:0;a:8:{s:4:\"doFB\";s:1:\"1\";s:8:\"PostType\";s:1:\"A\";s:10:\"AttachPost\";s:1:\"1\";s:10:\"SNAPformat\";s:51:\"New post (%TITLE%) has been published on %SITENAME%\";s:11:\"isPrePosted\";s:1:\"1\";s:8:\"isPosted\";s:1:\"1\";s:4:\"pgID\";s:31:\"523646301010068_523646877676677\";s:5:\"pDate\";s:19:\"2013-04-03 05:14:50\";}}\";"]
        },
        "thumbnail_size": "thumbnail",
        "thumbnail_images": {
            "full": {
                "url": "http:\/\/imd495.alexsablan.info\/wp-content\/uploads\/2013\/03\/sports1.jpg",
                "width": 960,
                "height": 638
            },
            "thumbnail": {
                "url": "http:\/\/imd495.alexsablan.info\/wp-content\/uploads\/2013\/03\/sports1-150x150.jpg",
                "width": 150,
                "height": 150
            },
            "medium": {
                "url": "http:\/\/imd495.alexsablan.info\/wp-content\/uploads\/2013\/03\/sports1-300x199.jpg",
                "width": 300,
                "height": 199
            }
        }
    }, {
        "id": 62,
        "type": "post",
        "slug": "panther-weekly",
        "url": "http:\/\/imd495.alexsablan.info\/panther-weekly\/",
        "status": "publish",
        "title": "Panther Weekly",
        "title_plain": "Panther Weekly",
        "content": "<p>Lorem ipsum dolor sit amet, consectetur adipiscing elit. Donec convallis feugiat venenatis. Etiam pharetra nulla vitae neque lacinia at tempor diam semper. Quisque sed neque quis velit pharetra tristique a id libero. Integer ultrices egestas laoreet. Vestibulum sem risus, mattis eu pharetra sed, tristique non mauris. Nullam ac tortor vel neque dapibus condimentum. Maecenas turpis risus, iaculis ut elementum congue, sagittis ac sapien. Vivamus bibendum tincidunt blandit. Pellentesque habitant morbi tristique senectus et netus et malesuada fames ac turpis egestas. Nam imperdiet mauris eget diam lobortis egestas id a erat. Etiam tincidunt interdum tempor. In hac habitasse platea dictumst. Vivamus sed erat tortor.<\/p>\n<p>Vestibulum aliquam est a augue tincidunt vulputate. Integer sit amet suscipit dui. Ut pretium auctor neque at volutpat. Integer et lacinia nisi. Proin sodales elementum hendrerit. Aliquam erat volutpat. Aliquam vehicula, tellus eget facilisis pulvinar, dui risus ultrices neque, nec euismod quam lorem eget diam. Praesent dignissim scelerisque tempor. Suspendisse libero urna, consectetur tincidunt aliquam nec, vulputate eget enim. Nam tincidunt ullamcorper consectetur.<\/p>\n",
        "excerpt": "<p>Lorem ipsum dolor sit amet, consectetur adipiscing elit. Donec convallis feugiat venenatis. Etiam pharetra nulla vitae neque lacinia at tempor diam semper. Quisque sed neque quis velit pharetra tristique a&#8230;<\/p>\n",
        "date": "2013-03-26 03:33:38",
        "modified": "2013-11-15 13:59:34",
        "categories": [{
            "id": 7,
            "slug": "mrswhite",
            "title": "Mrs. White",
            "description": "",
            "parent": 4,
            "post_count": 1
        }, {
            "id": 4,
            "slug": "teachersblogs",
            "title": "Teacher's Blogs",
            "description": "",
            "parent": 1,
            "post_count": 2
        }],
        "tags": [],
        "author": {
            "id": 3,
            "slug": "admin5",
            "name": "admin5",
            "first_name": "",
            "last_name": "",
            "nickname": "admin5",
            "url": "",
            "description": ""
        },
        "comments": [],
        "attachments": [{
            "id": 222,
            "url": "http:\/\/imd495.alexsablan.info\/wp-content\/uploads\/2013\/03\/13.jpg",
            "slug": "13",
            "title": "13",
            "description": "",
            "caption": "",
            "parent": 62,
            "mime_type": "image\/jpeg",
            "images": {
                "full": {
                    "url": "http:\/\/imd495.alexsablan.info\/wp-content\/uploads\/2013\/03\/13.jpg",
                    "width": 960,
                    "height": 638
                },
                "thumbnail": {
                    "url": "http:\/\/imd495.alexsablan.info\/wp-content\/uploads\/2013\/03\/13-150x150.jpg",
                    "width": 150,
                    "height": 150
                },
                "medium": {
                    "url": "http:\/\/imd495.alexsablan.info\/wp-content\/uploads\/2013\/03\/13-300x199.jpg",
                    "width": 300,
                    "height": 199
                },
                "large": {
                    "url": "http:\/\/imd495.alexsablan.info\/wp-content\/uploads\/2013\/03\/13-902x600.jpg",
                    "width": 902,
                    "height": 600
                },
                "small-thumb": {
                    "url": "http:\/\/imd495.alexsablan.info\/wp-content\/uploads\/2013\/03\/13-70x40.jpg",
                    "width": 70,
                    "height": 40
                },
                "feat-thumb": {
                    "url": "http:\/\/imd495.alexsablan.info\/wp-content\/uploads\/2013\/03\/13-300x170.jpg",
                    "width": 300,
                    "height": 170
                },
                "carousel-thumb": {
                    "url": "http:\/\/imd495.alexsablan.info\/wp-content\/uploads\/2013\/03\/13-190x130.jpg",
                    "width": 190,
                    "height": 130
                },
                "slider-image": {
                    "url": "http:\/\/imd495.alexsablan.info\/wp-content\/uploads\/2013\/03\/13-630x300.jpg",
                    "width": 630,
                    "height": 300
                }
            }
        }],
        "comment_count": 0,
        "comment_status": "closed",
        "thumbnail": "http:\/\/imd495.alexsablan.info\/wp-content\/uploads\/2013\/03\/13-150x150.jpg",
        "custom_fields": {},
        "thumbnail_size": "thumbnail",
        "thumbnail_images": {
            "full": {
                "url": "http:\/\/imd495.alexsablan.info\/wp-content\/uploads\/2013\/03\/13.jpg",
                "width": 960,
                "height": 638
            },
            "thumbnail": {
                "url": "http:\/\/imd495.alexsablan.info\/wp-content\/uploads\/2013\/03\/13-150x150.jpg",
                "width": 150,
                "height": 150
            },
            "medium": {
                "url": "http:\/\/imd495.alexsablan.info\/wp-content\/uploads\/2013\/03\/13-300x199.jpg",
                "width": 300,
                "height": 199
            },
            "large": {
                "url": "http:\/\/imd495.alexsablan.info\/wp-content\/uploads\/2013\/03\/13-902x600.jpg",
                "width": 902,
                "height": 600
            },
            "small-thumb": {
                "url": "http:\/\/imd495.alexsablan.info\/wp-content\/uploads\/2013\/03\/13-70x40.jpg",
                "width": 70,
                "height": 40
            },
            "feat-thumb": {
                "url": "http:\/\/imd495.alexsablan.info\/wp-content\/uploads\/2013\/03\/13-300x170.jpg",
                "width": 300,
                "height": 170
            },
            "carousel-thumb": {
                "url": "http:\/\/imd495.alexsablan.info\/wp-content\/uploads\/2013\/03\/13-190x130.jpg",
                "width": 190,
                "height": 130
            },
            "slider-image": {
                "url": "http:\/\/imd495.alexsablan.info\/wp-content\/uploads\/2013\/03\/13-630x300.jpg",
                "width": 630,
                "height": 300
            }
        }
    }, {
        "id": 57,
        "type": "post",
        "slug": "school-emergency",
        "url": "http:\/\/imd495.alexsablan.info\/school-emergency\/",
        "status": "publish",
        "title": "School Emergency",
        "title_plain": "School Emergency",
        "content": "<p><a href=\"http:\/\/imd495.alexsablan.info\/wp-content\/uploads\/2013\/03\/emergency1.jpg\"><img class=\"alignnone size-full wp-image-47\" alt=\"emergency1\" src=\"http:\/\/imd495.alexsablan.info\/wp-content\/uploads\/2013\/03\/emergency1.jpg\" width=\"628\" height=\"463\" \/><\/a><\/p>\n<p>Lorem ipsum dolor sit amet, consectetur adipiscing elit. Donec convallis feugiat venenatis. Etiam pharetra nulla vitae neque lacinia at tempor diam semper. Quisque sed neque quis velit pharetra tristique a id libero. Integer ultrices egestas laoreet. Vestibulum sem risus, mattis eu pharetra sed, tristique non mauris. Nullam ac tortor vel neque dapibus condimentum. Maecenas turpis risus, iaculis ut elementum congue, sagittis ac sapien. Vivamus bibendum tincidunt blandit. Pellentesque habitant morbi tristique senectus et netus et malesuada fames ac turpis egestas. Nam imperdiet mauris eget diam lobortis egestas id a erat. Etiam tincidunt interdum tempor. In hac habitasse platea dictumst. Vivamus sed erat tortor.<\/p>\n<p>Vestibulum aliquam est a augue tincidunt vulputate. Integer sit amet suscipit dui. Ut pretium auctor neque at volutpat. Integer et lacinia nisi. Proin sodales elementum hendrerit. Aliquam erat volutpat. Aliquam vehicula, tellus eget facilisis pulvinar, dui risus ultrices neque, nec euismod quam lorem eget diam. Praesent dignissim scelerisque tempor. Suspendisse libero urna, consectetur tincidunt aliquam nec, vulputate eget enim. Nam tincidunt ullamcorper consectetur.<\/p>\n",
        "excerpt": "<p>Lorem ipsum dolor sit amet, consectetur adipiscing elit. Donec convallis feugiat venenatis. Etiam pharetra nulla vitae neque lacinia at tempor diam semper. Quisque sed neque quis velit pharetra tristique a&#8230;<\/p>\n",
        "date": "2013-03-26 03:30:21",
        "modified": "2013-03-26 03:30:21",
        "categories": [{
            "id": 2,
            "slug": "schoolinfo",
            "title": "School Information",
            "description": "",
            "parent": 0,
            "post_count": 1
        }],
        "tags": [],
        "author": {
            "id": 3,
            "slug": "admin5",
            "name": "admin5",
            "first_name": "",
            "last_name": "",
            "nickname": "admin5",
            "url": "",
            "description": ""
        },
        "comments": [],
        "attachments": [{
            "id": 47,
            "url": "http:\/\/imd495.alexsablan.info\/wp-content\/uploads\/2013\/03\/emergency1.jpg",
            "slug": "emergency1",
            "title": "emergency1",
            "description": "",
            "caption": "",
            "parent": 57,
            "mime_type": "image\/jpeg",
            "images": {
                "full": {
                    "url": "http:\/\/imd495.alexsablan.info\/wp-content\/uploads\/2013\/03\/emergency1.jpg",
                    "width": 628,
                    "height": 463
                },
                "thumbnail": {
                    "url": "http:\/\/imd495.alexsablan.info\/wp-content\/uploads\/2013\/03\/emergency1-150x150.jpg",
                    "width": 150,
                    "height": 150
                },
                "medium": {
                    "url": "http:\/\/imd495.alexsablan.info\/wp-content\/uploads\/2013\/03\/emergency1-300x221.jpg",
                    "width": 300,
                    "height": 221
                },
                "large": {
                    "url": "http:\/\/imd495.alexsablan.info\/wp-content\/uploads\/2013\/03\/emergency1.jpg",
                    "width": 628,
                    "height": 463
                }
            }
        }],
        "comment_count": 0,
        "comment_status": "closed",
        "thumbnail": "http:\/\/imd495.alexsablan.info\/wp-content\/uploads\/2013\/03\/emergency1-150x150.jpg",
        "custom_fields": {},
        "thumbnail_size": "thumbnail",
        "thumbnail_images": {
            "full": {
                "url": "http:\/\/imd495.alexsablan.info\/wp-content\/uploads\/2013\/03\/emergency1.jpg",
                "width": 628,
                "height": 463
            },
            "thumbnail": {
                "url": "http:\/\/imd495.alexsablan.info\/wp-content\/uploads\/2013\/03\/emergency1-150x150.jpg",
                "width": 150,
                "height": 150
            },
            "medium": {
                "url": "http:\/\/imd495.alexsablan.info\/wp-content\/uploads\/2013\/03\/emergency1-300x221.jpg",
                "width": 300,
                "height": 221
            },
            "large": {
                "url": "http:\/\/imd495.alexsablan.info\/wp-content\/uploads\/2013\/03\/emergency1.jpg",
                "width": 628,
                "height": 463
            }
        }
    }, {
        "id": 52,
        "type": "post",
        "slug": "panther-happenings",
        "url": "http:\/\/imd495.alexsablan.info\/panther-happenings\/",
        "status": "publish",
        "title": "Panther Happenings",
        "title_plain": "Panther Happenings",
        "content": "<p>Lorem ipsum dolor sit amet, consectetur adipiscing elit. Donec convallis feugiat venenatis. Etiam pharetra nulla vitae neque lacinia at tempor diam semper. Quisque sed neque quis velit pharetra tristique a id libero. Integer ultrices egestas laoreet. Vestibulum sem risus, mattis eu pharetra sed, tristique non mauris. Nullam ac tortor vel neque dapibus condimentum. Maecenas turpis risus, iaculis ut elementum congue, sagittis ac sapien. Vivamus bibendum tincidunt blandit. Pellentesque habitant morbi tristique senectus et netus et malesuada fames ac turpis egestas. Nam imperdiet mauris eget diam lobortis egestas id a erat. Etiam tincidunt interdum tempor. In hac habitasse platea dictumst. Vivamus sed erat tortor.<\/p>\n<p>Vestibulum aliquam est a augue tincidunt vulputate. Integer sit amet suscipit dui. Ut pretium auctor neque at volutpat. Integer et lacinia nisi. Proin sodales elementum hendrerit. Aliquam erat volutpat. Aliquam vehicula, tellus eget facilisis pulvinar, dui risus ultrices neque, nec euismod quam lorem eget diam. Praesent dignissim scelerisque tempor. Suspendisse libero urna, consectetur tincidunt aliquam nec, vulputate eget enim. Nam tincidunt ullamcorper consectetur.<\/p>\n",
        "excerpt": "<p>Lorem ipsum dolor sit amet, consectetur adipiscing elit. Donec convallis feugiat venenatis. Etiam pharetra nulla vitae neque lacinia at tempor diam semper. Quisque sed neque quis velit pharetra tristique a&#8230;<\/p>\n",
        "date": "2013-03-26 03:28:12",
        "modified": "2013-11-15 13:58:13",
        "categories": [{
            "id": 13,
            "slug": "mrcopenhagen",
            "title": "Mr. Copenhagen",
            "description": "",
            "parent": 4,
            "post_count": 1
        }, {
            "id": 4,
            "slug": "teachersblogs",
            "title": "Teacher's Blogs",
            "description": "",
            "parent": 1,
            "post_count": 2
        }],
        "tags": [],
        "author": {
            "id": 3,
            "slug": "admin5",
            "name": "admin5",
            "first_name": "",
            "last_name": "",
            "nickname": "admin5",
            "url": "",
            "description": ""
        },
        "comments": [],
        "attachments": [{
            "id": 220,
            "url": "http:\/\/imd495.alexsablan.info\/wp-content\/uploads\/2013\/03\/9.jpg",
            "slug": "9",
            "title": "9",
            "description": "",
            "caption": "",
            "parent": 52,
            "mime_type": "image\/jpeg",
            "images": {
                "full": {
                    "url": "http:\/\/imd495.alexsablan.info\/wp-content\/uploads\/2013\/03\/9.jpg",
                    "width": 960,
                    "height": 638
                },
                "thumbnail": {
                    "url": "http:\/\/imd495.alexsablan.info\/wp-content\/uploads\/2013\/03\/9-150x150.jpg",
                    "width": 150,
                    "height": 150
                },
                "medium": {
                    "url": "http:\/\/imd495.alexsablan.info\/wp-content\/uploads\/2013\/03\/9-300x199.jpg",
                    "width": 300,
                    "height": 199
                },
                "large": {
                    "url": "http:\/\/imd495.alexsablan.info\/wp-content\/uploads\/2013\/03\/9-902x600.jpg",
                    "width": 902,
                    "height": 600
                },
                "small-thumb": {
                    "url": "http:\/\/imd495.alexsablan.info\/wp-content\/uploads\/2013\/03\/9-70x40.jpg",
                    "width": 70,
                    "height": 40
                },
                "feat-thumb": {
                    "url": "http:\/\/imd495.alexsablan.info\/wp-content\/uploads\/2013\/03\/9-300x170.jpg",
                    "width": 300,
                    "height": 170
                },
                "carousel-thumb": {
                    "url": "http:\/\/imd495.alexsablan.info\/wp-content\/uploads\/2013\/03\/9-190x130.jpg",
                    "width": 190,
                    "height": 130
                },
                "slider-image": {
                    "url": "http:\/\/imd495.alexsablan.info\/wp-content\/uploads\/2013\/03\/9-630x300.jpg",
                    "width": 630,
                    "height": 300
                }
            }
        }],
        "comment_count": 0,
        "comment_status": "closed",
        "thumbnail": "http:\/\/imd495.alexsablan.info\/wp-content\/uploads\/2013\/03\/9-150x150.jpg",
        "custom_fields": {},
        "thumbnail_size": "thumbnail",
        "thumbnail_images": {
            "full": {
                "url": "http:\/\/imd495.alexsablan.info\/wp-content\/uploads\/2013\/03\/9.jpg",
                "width": 960,
                "height": 638
            },
            "thumbnail": {
                "url": "http:\/\/imd495.alexsablan.info\/wp-content\/uploads\/2013\/03\/9-150x150.jpg",
                "width": 150,
                "height": 150
            },
            "medium": {
                "url": "http:\/\/imd495.alexsablan.info\/wp-content\/uploads\/2013\/03\/9-300x199.jpg",
                "width": 300,
                "height": 199
            },
            "large": {
                "url": "http:\/\/imd495.alexsablan.info\/wp-content\/uploads\/2013\/03\/9-902x600.jpg",
                "width": 902,
                "height": 600
            },
            "small-thumb": {
                "url": "http:\/\/imd495.alexsablan.info\/wp-content\/uploads\/2013\/03\/9-70x40.jpg",
                "width": 70,
                "height": 40
            },
            "feat-thumb": {
                "url": "http:\/\/imd495.alexsablan.info\/wp-content\/uploads\/2013\/03\/9-300x170.jpg",
                "width": 300,
                "height": 170
            },
            "carousel-thumb": {
                "url": "http:\/\/imd495.alexsablan.info\/wp-content\/uploads\/2013\/03\/9-190x130.jpg",
                "width": 190,
                "height": 130
            },
            "slider-image": {
                "url": "http:\/\/imd495.alexsablan.info\/wp-content\/uploads\/2013\/03\/9-630x300.jpg",
                "width": 630,
                "height": 300
            }
        }
    }, {
        "id": 50,
        "type": "post",
        "slug": "this-week-for-lunch",
        "url": "http:\/\/imd495.alexsablan.info\/this-week-for-lunch\/",
        "status": "publish",
        "title": "This Week for Lunch",
        "title_plain": "This Week for Lunch",
        "content": "<p>Lorem ipsum dolor sit amet, consectetur adipiscing elit. Donec convallis feugiat venenatis. Etiam pharetra nulla vitae neque lacinia at tempor diam semper. Quisque sed neque quis velit pharetra tristique a id libero. Integer ultrices egestas laoreet. Vestibulum sem risus, mattis eu pharetra sed, tristique non mauris. Nullam ac tortor vel neque dapibus condimentum. Maecenas turpis risus, iaculis ut elementum congue, sagittis ac sapien. Vivamus bibendum tincidunt blandit. Pellentesque habitant morbi tristique senectus et netus et malesuada fames ac turpis egestas. Nam imperdiet mauris eget diam lobortis egestas id a erat. Etiam tincidunt interdum tempor. In hac habitasse platea dictumst. Vivamus sed erat tortor.<\/p>\n<p>Vestibulum aliquam est a augue tincidunt vulputate. Integer sit amet suscipit dui. Ut pretium auctor neque at volutpat. Integer et lacinia nisi. Proin sodales elementum hendrerit. Aliquam erat volutpat. Aliquam vehicula, tellus eget facilisis pulvinar, dui risus ultrices neque, nec euismod quam lorem eget diam. Praesent dignissim scelerisque tempor. Suspendisse libero urna, consectetur tincidunt aliquam nec, vulputate eget enim. Nam tincidunt ullamcorper consectetur.<\/p>\n",
        "excerpt": "<p>Lorem ipsum dolor sit amet, consectetur adipiscing elit. Donec convallis feugiat venenatis. Etiam pharetra nulla vitae neque lacinia at tempor diam semper. Quisque sed neque quis velit pharetra tristique a&#8230;<\/p>\n",
        "date": "2013-03-26 03:27:12",
        "modified": "2013-03-26 03:27:12",
        "categories": [{
            "id": 3,
            "slug": "clarkscorner",
            "title": "Clark's Corner",
            "description": "",
            "parent": 1,
            "post_count": 1
        }],
        "tags": [],
        "author": {
            "id": 3,
            "slug": "admin5",
            "name": "admin5",
            "first_name": "",
            "last_name": "",
            "nickname": "admin5",
            "url": "",
            "description": ""
        },
        "comments": [],
        "attachments": [],
        "comment_count": 0,
        "comment_status": "closed",
        "custom_fields": {}
    }, {
        "id": 42,
        "type": "post",
        "slug": "subscribe-for-ljhs-notifications",
        "url": "http:\/\/imd495.alexsablan.info\/subscribe-for-ljhs-notifications\/",
        "status": "publish",
        "title": "Subscribe for LJHS Notifications",
        "title_plain": "Subscribe for LJHS Notifications",
        "content": "<p><a href=\"http:\/\/imd495.alexsablan.info\/wp-content\/uploads\/2013\/03\/subscribe1.png\"><img class=\"alignnone size-full wp-image-45\" alt=\"subscribe1\" src=\"http:\/\/imd495.alexsablan.info\/wp-content\/uploads\/2013\/03\/subscribe1.png\" width=\"750\" height=\"210\" \/><\/a><\/p>\n",
        "excerpt": "",
        "date": "2013-03-26 03:19:47",
        "modified": "2013-11-15 13:48:59",
        "categories": [{
            "id": 5,
            "slug": "promotional",
            "title": "Promotional",
            "description": "",
            "parent": 0,
            "post_count": 1
        }],
        "tags": [],
        "author": {
            "id": 3,
            "slug": "admin5",
            "name": "admin5",
            "first_name": "",
            "last_name": "",
            "nickname": "admin5",
            "url": "",
            "description": ""
        },
        "comments": [],
        "attachments": [{
            "id": 45,
            "url": "http:\/\/imd495.alexsablan.info\/wp-content\/uploads\/2013\/03\/subscribe1.png",
            "slug": "subscribe1",
            "title": "subscribe1",
            "description": "",
            "caption": "",
            "parent": 42,
            "mime_type": "image\/png",
            "images": {
                "full": {
                    "url": "http:\/\/imd495.alexsablan.info\/wp-content\/uploads\/2013\/03\/subscribe1.png",
                    "width": 750,
                    "height": 210
                },
                "thumbnail": {
                    "url": "http:\/\/imd495.alexsablan.info\/wp-content\/uploads\/2013\/03\/subscribe1-150x150.png",
                    "width": 150,
                    "height": 150
                },
                "medium": {
                    "url": "http:\/\/imd495.alexsablan.info\/wp-content\/uploads\/2013\/03\/subscribe1-300x84.png",
                    "width": 300,
                    "height": 84
                },
                "large": {
                    "url": "http:\/\/imd495.alexsablan.info\/wp-content\/uploads\/2013\/03\/subscribe1.png",
                    "width": 750,
                    "height": 210
                }
            }
        }],
        "comment_count": 0,
        "comment_status": "closed",
        "thumbnail": "http:\/\/imd495.alexsablan.info\/wp-content\/uploads\/2013\/03\/subscribe1-150x150.png",
        "custom_fields": {},
        "thumbnail_size": "thumbnail",
        "thumbnail_images": {
            "full": {
                "url": "http:\/\/imd495.alexsablan.info\/wp-content\/uploads\/2013\/03\/subscribe1.png",
                "width": 750,
                "height": 210
            },
            "thumbnail": {
                "url": "http:\/\/imd495.alexsablan.info\/wp-content\/uploads\/2013\/03\/subscribe1-150x150.png",
                "width": 150,
                "height": 150
            },
            "medium": {
                "url": "http:\/\/imd495.alexsablan.info\/wp-content\/uploads\/2013\/03\/subscribe1-300x84.png",
                "width": 300,
                "height": 84
            },
            "large": {
                "url": "http:\/\/imd495.alexsablan.info\/wp-content\/uploads\/2013\/03\/subscribe1.png",
                "width": 750,
                "height": 210
            }
        }
    }]
}