<?xml version="1.0" encoding="utf-8" ?>
<dwsync>
<file name="athletics.png" server="chrisvwebb.com//school/imd-495/app/" local="3467122644" remote="319519907859930340" Dst="-1" />
<file name="bg.jpg" server="chrisvwebb.com//school/imd-495/app/" local="3467121287" remote="319519907859930340" Dst="-1" />
<file name="login.png" server="chrisvwebb.com//school/imd-495/app/" local="3467122646" remote="319519907859930340" Dst="-1" />
<file name="activities.png" server="chrisvwebb.com//school/imd-495/app/" local="3467132947" remote="319519907859939460" Dst="-1" />
<file name="header.png" server="chrisvwebb.com//school/imd-495/app/" local="3467132964" remote="319519907859939460" Dst="-1" />
<file name="submit.png" server="chrisvwebb.com//school/imd-495/app/" local="3467132948" remote="319519907859939460" Dst="-1" />
<file name="clarkscorner2.png" server="chrisvwebb.com//school/imd-495/app/" local="3467132947" remote="319519907859939700" Dst="-1" />
<file name="newsfeed2.png" server="chrisvwebb.com//school/imd-495/app/" local="3467132947" remote="319519907859939700" Dst="-1" />
<file name="schoolinfo2.png" server="chrisvwebb.com//school/imd-495/app/" local="3467132948" remote="319519907859939700" Dst="-1" />
<file name="teachers2.png" server="chrisvwebb.com//school/imd-495/app/" local="3467132947" remote="319519907859939700" Dst="-1" />
<file name="welcome2.png" server="chrisvwebb.com//school/imd-495/app/" local="3467133649" remote="319519907859940060" Dst="-1" />
<file name="welcome3.png" server="chrisvwebb.com//school/imd-495/app/" local="3467133712" remote="319519907859940120" Dst="-1" />
<file name="athletics.png" server="alexsablan.info/alexsablan.info/" local="130289972220000000" remote="130291900200000000" Dst="1" />
<file name="activities.png" server="alexsablan.info/alexsablan.info/" local="130289972220000000" remote="130291900200000000" Dst="1" />
<file name="bg.jpg" server="alexsablan.info/alexsablan.info/" local="130289972220000000" remote="130291900200000000" Dst="1" />
<file name="clarkscorner2.png" server="alexsablan.info/alexsablan.info/" local="130289972220000000" remote="130291900200000000" Dst="1" />
<file name="login.png" server="alexsablan.info/alexsablan.info/" local="130289972220000000" remote="130291900200000000" Dst="1" />
<file name="header.png" server="alexsablan.info/alexsablan.info/" local="130289972220000000" remote="130291900200000000" Dst="1" />
<file name="newsfeed2.png" server="alexsablan.info/alexsablan.info/" local="130289972220000000" remote="130291900200000000" Dst="1" />
<file name="schoolinfo2.png" server="alexsablan.info/alexsablan.info/" local="130289972220000000" remote="130291900200000000" Dst="1" />
<file name="submit.png" server="alexsablan.info/alexsablan.info/" local="130289972220000000" remote="130291900200000000" Dst="1" />
<file name="teachers2.png" server="alexsablan.info/alexsablan.info/" local="130289972220000000" remote="130291900200000000" Dst="1" />
<file name="welcome2.png" server="alexsablan.info/alexsablan.info/" local="130289972220000000" remote="130291900200000000" Dst="1" />
<file name="welcome3.png" server="alexsablan.info/alexsablan.info/" local="130289972220000000" remote="130291900200000000" Dst="1" />
<file name="activities.png" server="imd495.alexsablan.info/imd495.alexsablan.info/projects/" local="130295962741638084" remote="130295131200000000" Dst="1" />
<file name="athletics.png" server="imd495.alexsablan.info/imd495.alexsablan.info/projects/" local="130295962741248058" remote="130295131200000000" Dst="1" />
<file name="bg.jpg" server="imd495.alexsablan.info/imd495.alexsablan.info/projects/" local="130295962744748307" remote="130295131200000000" Dst="1" />
<file name="clarkscorner2.png" server="imd495.alexsablan.info/imd495.alexsablan.info/projects/" local="130295962753478759" remote="130295131200000000" Dst="1" />
<file name="login.png" server="imd495.alexsablan.info/imd495.alexsablan.info/projects/" local="130295962753858792" remote="130295131200000000" Dst="1" />
<file name="header.png" server="imd495.alexsablan.info/imd495.alexsablan.info/projects/" local="130295962756958954" remote="130295131200000000" Dst="1" />
<file name="schoolinfo2.png" server="imd495.alexsablan.info/imd495.alexsablan.info/projects/" local="130295962760249153" remote="130295131200000000" Dst="1" />
<file name="newsfeed2.png" server="imd495.alexsablan.info/imd495.alexsablan.info/projects/" local="130295962759399097" remote="130295131200000000" Dst="1" />
<file name="submit.png" server="imd495.alexsablan.info/imd495.alexsablan.info/projects/" local="130295962764759398" remote="130295131200000000" Dst="1" />
<file name="teachers2.png" server="imd495.alexsablan.info/imd495.alexsablan.info/projects/" local="130295962765209483" remote="130295131200000000" Dst="1" />
<file name="welcome2.png" server="imd495.alexsablan.info/imd495.alexsablan.info/projects/" local="130295962769689735" remote="130295131200000000" Dst="1" />
<file name="welcome3.png" server="imd495.alexsablan.info/imd495.alexsablan.info/projects/" local="130295962770759747" remote="130295131200000000" Dst="1" />
<file name="btm-activities.png" server="imd495.alexsablan.info/imd495.alexsablan.info/projects/" local="130295962745398290" remote="130295131200000000" Dst="1" />
<file name="btm-home.png" server="imd495.alexsablan.info/imd495.alexsablan.info/projects/" local="130295962745398290" remote="130295131200000000" Dst="1" />
<file name="btm-principal-clark.png" server="imd495.alexsablan.info/imd495.alexsablan.info/projects/" local="130295962749329236" remote="130295131200000000" Dst="1" />
<file name="btm-school.png" server="imd495.alexsablan.info/imd495.alexsablan.info/projects/" local="130295962749338535" remote="130295131200000000" Dst="1" />
<file name="btm-teachers.png" server="imd495.alexsablan.info/imd495.alexsablan.info/projects/" local="130295962749738539" remote="130295131200000000" Dst="1" />
<file name="page-img.png" server="imd495.alexsablan.info/imd495.alexsablan.info/projects/" local="130295962759399097" remote="130295131200000000" Dst="1" />
</dwsync>