<?xml version="1.0" encoding="utf-8" ?>
<dwsync>
<file name="index-old.html" server="alexsablan.info/alexsablan.info/" local="130289972220000000" remote="130291900200000000" Dst="1" />
<file name="index.html" server="alexsablan.info/alexsablan.info/" local="130290014250000000" remote="130291900200000000" Dst="1" />
<file name="index5.html" server="alexsablan.info/alexsablan.info/" local="130289972220000000" remote="130291900200000000" Dst="1" />
<file name="jquery.mobile.structure-1.0.min.css" server="alexsablan.info/alexsablan.info/" local="130289972220000000" remote="130291900200000000" Dst="1" />
<file name="jquery-1.6.4.min.js" server="alexsablan.info/alexsablan.info/" local="130289972220000000" remote="130291900200000000" Dst="1" />
<file name="jquery.mobile-1.0.min.js" server="alexsablan.info/alexsablan.info/" local="130289972220000000" remote="130291900200000000" Dst="1" />
<file name="jquery.mobile.theme-1.0.min.css" server="alexsablan.info/alexsablan.info/" local="130289972220000000" remote="130291900200000000" Dst="1" />
<file name="styles.css" server="alexsablan.info/alexsablan.info/" local="130289972220000000" remote="130291900200000000" Dst="1" />
<file name="jquery-1.6.4.min.js" server="alexsablan.info/alexsablan.info/projects/franklin/imd495Proj/" local="130292576270832776" remote="130292467800000000" Dst="1" />
<file name="bower.json" server="imd495.alexsablan.info/imd495.alexsablan.info/projects/" local="130295962770319722" remote="130294431000000000" Dst="1" />
<file name="feedGrab.js" server="imd495.alexsablan.info/imd495.alexsablan.info/projects/" local="130295962778298590" remote="130295245800000000" Dst="1" />
<file name="category.json" server="imd495.alexsablan.info/imd495.alexsablan.info/projects/" local="130295962779278607" remote="130295131200000000" Dst="1" />
<file name="getCategory.js" server="imd495.alexsablan.info/imd495.alexsablan.info/projects/" local="130295962783978928" remote="130295142000000000" Dst="1" />
<file name="getSinglePost.js" server="imd495.alexsablan.info/imd495.alexsablan.info/projects/" local="130295962784558911" remote="130295257800000000" Dst="1" />
<file name="home_icon_precomposed.png" server="imd495.alexsablan.info/imd495.alexsablan.info/projects/" local="130295962795772454" remote="130295131200000000" Dst="1" />
<file name="index5.html" server="imd495.alexsablan.info/imd495.alexsablan.info/projects/" local="130295962800881090" remote="130294401000000000" Dst="1" />
<file name="index.html" server="imd495.alexsablan.info/imd495.alexsablan.info/projects/" local="130297360796356782" remote="130297252800000000" Dst="1" />
<file name="index-old.html" server="imd495.alexsablan.info/imd495.alexsablan.info/projects/" local="130295962807231454" remote="130294401000000000" Dst="1" />
<file name="jquery-1.6.4.min.js" server="imd495.alexsablan.info/imd495.alexsablan.info/projects/" local="130295962811631714" remote="130294401000000000" Dst="1" />
<file name="jquery.mobile-1.0.min.js" server="imd495.alexsablan.info/imd495.alexsablan.info/projects/" local="130295962812511772" remote="130295131200000000" Dst="1" />
<file name="jquery.mobile.structure-1.0.min.css" server="imd495.alexsablan.info/imd495.alexsablan.info/projects/" local="130295962814071910" remote="130295131200000000" Dst="1" />
<file name="jquery.mobile.theme-1.0.min.css" server="imd495.alexsablan.info/imd495.alexsablan.info/projects/" local="130295962817472040" remote="130295131200000000" Dst="1" />
<file name="purl.js" server="imd495.alexsablan.info/imd495.alexsablan.info/projects/" local="130295962817472040" remote="130294431000000000" Dst="1" />
<file name="styles.css" server="imd495.alexsablan.info/imd495.alexsablan.info/projects/" local="130295962822152311" remote="130294492200000000" Dst="1" />
<file name="Web.config" server="imd495.alexsablan.info/imd495.alexsablan.info/projects/" local="130295962827977559" remote="130294401000000000" Dst="1" />
</dwsync>