<?xml version="1.0" encoding="utf-8" ?>
<dwsync>
<file name="index-old.html" server="alexsablan.info/alexsablan.info/" local="130289972220000000" remote="130291900200000000" Dst="1" />
<file name="index.html" server="alexsablan.info/alexsablan.info/" local="130290014250000000" remote="130291900200000000" Dst="1" />
<file name="index5.html" server="alexsablan.info/alexsablan.info/" local="130289972220000000" remote="130291900200000000" Dst="1" />
<file name="jquery.mobile.structure-1.0.min.css" server="alexsablan.info/alexsablan.info/" local="130289972220000000" remote="130291900200000000" Dst="1" />
<file name="jquery-1.6.4.min.js" server="alexsablan.info/alexsablan.info/" local="130289972220000000" remote="130291900200000000" Dst="1" />
<file name="jquery.mobile-1.0.min.js" server="alexsablan.info/alexsablan.info/" local="130289972220000000" remote="130291900200000000" Dst="1" />
<file name="jquery.mobile.theme-1.0.min.css" server="alexsablan.info/alexsablan.info/" local="130289972220000000" remote="130291900200000000" Dst="1" />
<file name="styles.css" server="alexsablan.info/alexsablan.info/" local="130289972220000000" remote="130291900200000000" Dst="1" />
<file name="template.html" server="alexsablan.info/alexsablan.info/" local="130292516008145103" remote="130292407800000000" Dst="1" />
<file name="TESTJSON.js" server="alexsablan.info/alexsablan.info/" local="130292125946308953" remote="130292017800000000" Dst="1" />
<file name="templateAjac.html" server="alexsablan.info/alexsablan.info/projects/franklin/imd495Proj/" local="130294443193129746" remote="130294335000000000" Dst="1" />
<file name="TESTJSON.js" server="alexsablan.info/alexsablan.info/projects/franklin/imd495Proj/" local="130292125940000000" remote="130292466600000000" Dst="1" />
<file name="jquery-1.6.4.min.js" server="alexsablan.info/alexsablan.info/projects/franklin/imd495Proj/" local="130292576270832776" remote="130292467800000000" Dst="1" />
<file name="template.html" server="alexsablan.info/alexsablan.info/projects/franklin/imd495Proj/" local="130294501575539746" remote="130294393200000000" Dst="1" />
<file name="feedTemplate.html" server="imd495.alexsablan.info/imd495.alexsablan.info/projects/" local="130292516410000000" remote="130294401000000000" Dst="1" />
<file name="index-old.html" server="imd495.alexsablan.info/imd495.alexsablan.info/projects/" local="130289972226051805" remote="130294401000000000" Dst="1" />
<file name="index.html" server="imd495.alexsablan.info/imd495.alexsablan.info/projects/" local="130290014255617581" remote="130294401000000000" Dst="1" />
<file name="index5.html" server="imd495.alexsablan.info/imd495.alexsablan.info/projects/" local="130289972226251825" remote="130294401000000000" Dst="1" />
<file name="jquery.mobile.structure-1.0.min.css" server="imd495.alexsablan.info/imd495.alexsablan.info/projects/" local="130289972226571857" remote="130294401000000000" Dst="1" />
<file name="jquery.mobile-1.0.min.js" server="imd495.alexsablan.info/imd495.alexsablan.info/projects/" local="130289972226511851" remote="130294401000000000" Dst="1" />
<file name="jquery.mobile.theme-1.0.min.css" server="imd495.alexsablan.info/imd495.alexsablan.info/projects/" local="130289972226631863" remote="130294401000000000" Dst="1" />
<file name="SingleStoryTemplate.html" server="imd495.alexsablan.info/imd495.alexsablan.info/projects/" local="130292516560000000" remote="130294401000000000" Dst="1" />
<file name="jquery-1.6.4.min.js" server="imd495.alexsablan.info/imd495.alexsablan.info/projects/" local="130292576270832776" remote="130294401000000000" Dst="1" />
<file name="styles.css" server="imd495.alexsablan.info/imd495.alexsablan.info/projects/" local="130289972226681868" remote="130294401000000000" Dst="1" />
<file name="template.html" server="imd495.alexsablan.info/imd495.alexsablan.info/projects/" local="130294501575539746" remote="130294401000000000" Dst="1" />
<file name="templateAjac.html" server="imd495.alexsablan.info/imd495.alexsablan.info/projects/" local="130294443193129746" remote="130294401000000000" Dst="1" />
<file name="Web.config" server="imd495.alexsablan.info/imd495.alexsablan.info/projects/" local="130290245686879448" remote="130294401000000000" Dst="1" />
<file name="TESTJSON.js" server="imd495.alexsablan.info/imd495.alexsablan.info/projects/" local="130292125940000000" remote="130294401000000000" Dst="1" />
</dwsync>