<?xml version="1.0" encoding="utf-8" ?>
<dwsync>
<file name="ajax-loader.png" server="alexsablan.info/alexsablan.info/" local="130289972220000000" remote="130291900200000000" Dst="1" />
<file name="icons-18-black.png" server="alexsablan.info/alexsablan.info/" local="130289972220000000" remote="130291900200000000" Dst="1" />
<file name="icons-18-white.png" server="alexsablan.info/alexsablan.info/" local="130289972220000000" remote="130291900200000000" Dst="1" />
<file name="icons-36-black.png" server="alexsablan.info/alexsablan.info/" local="130289972220000000" remote="130291900200000000" Dst="1" />
<file name="icons-36-white.png" server="alexsablan.info/alexsablan.info/" local="130289972220000000" remote="130291900200000000" Dst="1" />
<file name="noPhoto.jpg" server="alexsablan.info/alexsablan.info/" local="130290188930000000" remote="130291900200000000" Dst="1" />
<file name="ajax-loader.png" server="imd495.alexsablan.info/imd495.alexsablan.info/projects/" local="130295962791008794" remote="130295131200000000" Dst="1" />
<file name="icons-18-black.png" server="imd495.alexsablan.info/imd495.alexsablan.info/projects/" local="130295962791468897" remote="130295131200000000" Dst="1" />
<file name="icons-18-white.png" server="imd495.alexsablan.info/imd495.alexsablan.info/projects/" local="130295962794582440" remote="130295131200000000" Dst="1" />
<file name="icons-36-black.png" server="imd495.alexsablan.info/imd495.alexsablan.info/projects/" local="130295962795372431" remote="130295131200000000" Dst="1" />
<file name="icons-36-white.png" server="imd495.alexsablan.info/imd495.alexsablan.info/projects/" local="130295962799971047" remote="130295131200000000" Dst="1" />
<file name="noPhoto.jpg" server="imd495.alexsablan.info/imd495.alexsablan.info/projects/" local="130295962800871092" remote="130294401000000000" Dst="1" />
</dwsync>